<?xml version="1.0" encoding="UTF-8"?>
<beans:beans
	xmlns:mvc="http://www.springframework.org/schema/mvc" 
	xmlns="http://www.springframework.org/schema/mvc"
	xmlns:xsi="http://www.w3.org/2001/XMLSchema-instance"
	xmlns:beans="http://www.springframework.org/schema/beans"
	xmlns:context="http://www.springframework.org/schema/context"
	xsi:schemaLocation="http://www.springframework.org/schema/mvc http://www.springframework.org/schema/mvc/spring-mvc.xsd
		http://www.springframework.org/schema/beans http://www.springframework.org/schema/beans/spring-beans.xsd
		http://www.springframework.org/schema/context http://www.springframework.org/schema/context/spring-context.xsd">

	<!-- DispatcherServlet Context: defines this servlet's request-processing infrastructure -->
	
	<!-- Enables the Spring MVC @Controller programming model -->
	<annotation-driven />

	<!-- Handles HTTP GET requests for /resources/** by efficiently serving up static resources in the ${webappRoot}/resources directory -->
	<resources mapping="/resources/**" location="/resources/" />
	<resources mapping="/image/**" location="file:///D:/boardfile/" />

	<!-- Resolves views selected for rendering by @Controllers to .jsp resources in the /WEB-INF/views directory -->
	<beans:bean class="org.springframework.web.servlet.view.InternalResourceViewResolver">
		<beans:property name="prefix" value="/WEB-INF/views/" />
		<beans:property name="suffix" value=".jsp" />
	</beans:bean>
	
	<context:component-scan base-package="global.sesoc.project" />
	<context:component-scan base-package="global.sesoc.project.mall.DAO" />
	<context:component-scan base-package="global.sesoc.project.mall.VO" />
	<context:component-scan base-package="global.sesoc.project.service" />
	<context:component-scan base-package="global.sesoc.project.util" />
	
		<!-- 업로드 패스 설정 --> 
<beans:bean class="java.lang.String" id="uploadPath">
 <beans:constructor-arg value="D:\TeamProject\.metadata\.plugins\org.eclipse.wst.server.core\tmp0\wtpwebapps\mall\resources" />
</beans:bean>

<!-- 일반 파일 업로드 경로 -->
<resources mapping="/imgUpload/**" location="/resources/imgUpload/" />

<beans:bean class="org.springframework.web.multipart.commons.CommonsMultipartResolver" id="multipartResolver">
 <beans:property name="maxUploadSize" value="10485760"/>
</beans:bean>

<!-- 로그인 인터셉터 정의 -->
	<beans:bean id="loginInterceptor" class="global.sesoc.project.interceptor.LoginInterceptor"></beans:bean>
	
	<!-- 로그인 인터셉터를 경유해서 처리할 경로들 지정 -->
	<!-- 현 XML파일 상단의 beans 태그 내에 xmlns:mvc="http://www.springframework.org/schema/mvc" 추가하고 사용 -->	
	<mvc:interceptors>
		<mvc:interceptor>
			<!-- 특정 네임스페이스 하위의 모든 경로에 대하여 다음과 같이 와일드카드 지정 가능 -->
			<!-- <mvc:mapping path="/board/**" /> -->
			<!-- 메소드 여는 value값을 써주어야함. jsp 이름 아니야 -->
			<mvc:mapping path="/usedregister" />
			<mvc:mapping path="/cartList" />
			<mvc:mapping path="/mypage" />
			
			
			<!-- 위의 경로들은 다음의 인터셉터를 경유한다. -->
			<beans:ref bean="loginInterceptor" />
		</mvc:interceptor>
	</mvc:interceptors>
	
</beans:beans>
